,lat,lng,bedrooms,bathrooms,surface_total,surface_covered,price,price_level,description
1170,-34.604596,-58.449489,3.0,2.0,180.0,160.0,325000.0,blue,Bedrooms: 3<br>Bathrooms: 2<br>Surface total (m&sup2;): 180<br>Surface covered (m&sup2;): 160<br>Price (USD): 325000
1878,-34.606984999999995,-58.47571800000001,3.0,2.0,162.0,154.0,265000.0,blue,Bedrooms: 3<br>Bathrooms: 2<br>Surface total (m&sup2;): 162<br>Surface covered (m&sup2;): 154<br>Price (USD): 265000
1886,-34.61045900000001,-58.483009,3.0,2.0,204.0,147.0,254000.0,blue,Bedrooms: 3<br>Bathrooms: 2<br>Surface total (m&sup2;): 204<br>Surface covered (m&sup2;): 147<br>Price (USD): 254000
1887,-34.601408,-58.487203,3.0,2.0,214.0,161.0,348000.0,blue,Bedrooms: 3<br>Bathrooms: 2<br>Surface total (m&sup2;): 214<br>Surface covered (m&sup2;): 161<br>Price (USD): 348000
1888,-34.605793,-58.488694,3.0,2.0,212.0,160.0,375000.0,blue,Bedrooms: 3<br>Bathrooms: 2<br>Surface total (m&sup2;): 212<br>Surface covered (m&sup2;): 160<br>Price (USD): 375000
2728,-34.5908516,-58.50849399999999,3.0,2.0,126.0,87.0,242000.0,blue,Bedrooms: 3<br>Bathrooms: 2<br>Surface total (m&sup2;): 126<br>Surface covered (m&sup2;): 87<br>Price (USD): 242000
3133,-34.659366,-58.506992,3.0,2.0,260.0,136.0,245000.0,blue,Bedrooms: 3<br>Bathrooms: 2<br>Surface total (m&sup2;): 260<br>Surface covered (m&sup2;): 136<br>Price (USD): 245000
3144,-34.612851,-58.519555,3.0,2.0,315.0,242.0,495000.0,blue,Bedrooms: 3<br>Bathrooms: 2<br>Surface total (m&sup2;): 315<br>Surface covered (m&sup2;): 242<br>Price (USD): 495000
3587,-34.606802,-58.481748,3.0,2.0,145.0,145.0,389500.0,blue,Bedrooms: 3<br>Bathrooms: 2<br>Surface total (m&sup2;): 145<br>Surface covered (m&sup2;): 145<br>Price (USD): 389500
3879,-34.558889,-58.479749,3.0,2.0,160.0,120.0,340000.0,blue,Bedrooms: 3<br>Bathrooms: 2<br>Surface total (m&sup2;): 160<br>Surface covered (m&sup2;): 120<br>Price (USD): 340000
3880,-34.54166,-58.465808,3.0,2.0,392.0,265.0,585000.0,blue,Bedrooms: 3<br>Bathrooms: 2<br>Surface total (m&sup2;): 392<br>Surface covered (m&sup2;): 265<br>Price (USD): 585000
3883,-34.608346000000004,-58.45533,3.0,2.0,137.0,110.0,369000.0,blue,Bedrooms: 3<br>Bathrooms: 2<br>Surface total (m&sup2;): 137<br>Surface covered (m&sup2;): 110<br>Price (USD): 369000
4136,-34.565281,-58.467305,3.0,2.0,183.0,135.0,630000.0,blue,Bedrooms: 3<br>Bathrooms: 2<br>Surface total (m&sup2;): 183<br>Surface covered (m&sup2;): 135<br>Price (USD): 630000
4140,-34.61755,-58.450895,3.0,2.0,160.0,130.0,330000.0,blue,Bedrooms: 3<br>Bathrooms: 2<br>Surface total (m&sup2;): 160<br>Surface covered (m&sup2;): 130<br>Price (USD): 330000
4377,-34.6286337497,-58.443248661400006,2.0,2.0,105.0,97.0,320000.0,blue,Bedrooms: 2<br>Bathrooms: 2<br>Surface total (m&sup2;): 105<br>Surface covered (m&sup2;): 97<br>Price (USD): 320000
5018,-34.609845,-58.510502,3.0,2.0,170.0,112.0,299000.0,blue,Bedrooms: 3<br>Bathrooms: 2<br>Surface total (m&sup2;): 170<br>Surface covered (m&sup2;): 112<br>Price (USD): 299000
5692,-34.641596,-58.463644,3.0,2.0,269.0,179.0,350000.0,blue,Bedrooms: 3<br>Bathrooms: 2<br>Surface total (m&sup2;): 269<br>Surface covered (m&sup2;): 179<br>Price (USD): 350000
6139,-34.627301,-58.518647,3.0,2.0,265.0,230.0,430000.0,blue,Bedrooms: 3<br>Bathrooms: 2<br>Surface total (m&sup2;): 265<br>Surface covered (m&sup2;): 230<br>Price (USD): 430000
6441,-34.6054785,-58.40473539999999,3.0,2.0,110.0,100.0,220000.0,blue,Bedrooms: 3<br>Bathrooms: 2<br>Surface total (m&sup2;): 110<br>Surface covered (m&sup2;): 100<br>Price (USD): 220000
6447,-34.610525,-58.52651,3.0,2.0,160.0,80.0,302000.0,blue,Bedrooms: 3<br>Bathrooms: 2<br>Surface total (m&sup2;): 160<br>Surface covered (m&sup2;): 80<br>Price (USD): 302000
6941,-34.623207,-58.50591800000001,3.0,2.0,142.0,101.0,240000.0,blue,Bedrooms: 3<br>Bathrooms: 2<br>Surface total (m&sup2;): 142<br>Surface covered (m&sup2;): 101<br>Price (USD): 240000
9237,-34.541429004099996,-58.478051818400004,3.0,2.0,260.0,220.0,850000.0,blue,Bedrooms: 3<br>Bathrooms: 2<br>Surface total (m&sup2;): 260<br>Surface covered (m&sup2;): 220<br>Price (USD): 850000
9411,-34.649498,-58.480803,3.0,2.0,129.0,113.0,199500.0,red,Bedrooms: 3<br>Bathrooms: 2<br>Surface total (m&sup2;): 129<br>Surface covered (m&sup2;): 113<br>Price (USD): 199500
9656,-34.620092,-58.405666,4.0,2.0,251.0,168.0,420000.0,blue,Bedrooms: 4<br>Bathrooms: 2<br>Surface total (m&sup2;): 251<br>Surface covered (m&sup2;): 168<br>Price (USD): 420000
10201,-34.637466,-58.428291,3.0,2.0,135.0,90.0,275000.0,blue,Bedrooms: 3<br>Bathrooms: 2<br>Surface total (m&sup2;): 135<br>Surface covered (m&sup2;): 90<br>Price (USD): 275000
10202,-34.600569,-58.502211,3.0,2.0,300.0,240.0,370000.0,blue,Bedrooms: 3<br>Bathrooms: 2<br>Surface total (m&sup2;): 300<br>Surface covered (m&sup2;): 240<br>Price (USD): 370000
12365,-34.558889,-58.479749,3.0,2.0,170.0,150.0,318000.0,blue,Bedrooms: 3<br>Bathrooms: 2<br>Surface total (m&sup2;): 170<br>Surface covered (m&sup2;): 150<br>Price (USD): 318000
13097,-34.64387,-58.524074,3.0,2.0,119.0,119.0,205000.0,blue,Bedrooms: 3<br>Bathrooms: 2<br>Surface total (m&sup2;): 119<br>Surface covered (m&sup2;): 119<br>Price (USD): 205000
13098,-34.585646000000004,-58.438405,3.0,2.0,310.0,250.0,700000.0,blue,Bedrooms: 3<br>Bathrooms: 2<br>Surface total (m&sup2;): 310<br>Surface covered (m&sup2;): 250<br>Price (USD): 700000
13131,-34.632684000000005,-58.505244,3.0,2.0,256.0,194.0,380000.0,blue,Bedrooms: 3<br>Bathrooms: 2<br>Surface total (m&sup2;): 256<br>Surface covered (m&sup2;): 194<br>Price (USD): 380000
13145,-34.609528000000005,-58.437127,3.0,2.0,160.0,135.0,330000.0,blue,Bedrooms: 3<br>Bathrooms: 2<br>Surface total (m&sup2;): 160<br>Surface covered (m&sup2;): 135<br>Price (USD): 330000
14086,-34.576739,-58.470311,3.0,2.0,375.0,234.0,590000.0,blue,Bedrooms: 3<br>Bathrooms: 2<br>Surface total (m&sup2;): 375<br>Surface covered (m&sup2;): 234<br>Price (USD): 590000
14800,-34.625333000000005,-58.51666,3.0,2.0,147.0,120.0,290000.0,blue,Bedrooms: 3<br>Bathrooms: 2<br>Surface total (m&sup2;): 147<br>Surface covered (m&sup2;): 120<br>Price (USD): 290000
15315,-34.593822,-58.45568100000001,3.0,2.0,160.0,160.0,210000.0,blue,Bedrooms: 3<br>Bathrooms: 2<br>Surface total (m&sup2;): 160<br>Surface covered (m&sup2;): 160<br>Price (USD): 210000
15639,-34.643188,-58.436146,3.0,2.0,310.0,268.0,145000.0,red,Bedrooms: 3<br>Bathrooms: 2<br>Surface total (m&sup2;): 310<br>Surface covered (m&sup2;): 268<br>Price (USD): 145000
15641,-34.587139,-58.479832,3.0,2.0,143.0,110.0,280000.0,blue,Bedrooms: 3<br>Bathrooms: 2<br>Surface total (m&sup2;): 143<br>Surface covered (m&sup2;): 110<br>Price (USD): 280000
15817,-34.6446947,-58.5028885,3.0,2.0,179.0,165.0,280000.0,blue,Bedrooms: 3<br>Bathrooms: 2<br>Surface total (m&sup2;): 179<br>Surface covered (m&sup2;): 165<br>Price (USD): 280000
16378,-34.634539000000004,-58.41689399999999,3.0,2.0,166.0,94.0,240000.0,blue,Bedrooms: 3<br>Bathrooms: 2<br>Surface total (m&sup2;): 166<br>Surface covered (m&sup2;): 94<br>Price (USD): 240000
16410,-34.641939,-58.378289,3.0,2.0,165.0,165.0,145000.0,red,Bedrooms: 3<br>Bathrooms: 2<br>Surface total (m&sup2;): 165<br>Surface covered (m&sup2;): 165<br>Price (USD): 145000
16426,-34.60527800000001,-58.52396,3.0,2.0,192.0,130.0,348000.0,blue,Bedrooms: 3<br>Bathrooms: 2<br>Surface total (m&sup2;): 192<br>Surface covered (m&sup2;): 130<br>Price (USD): 348000
16428,-34.635225,-58.435543,3.0,2.0,300.0,300.0,262000.0,blue,Bedrooms: 3<br>Bathrooms: 2<br>Surface total (m&sup2;): 300<br>Surface covered (m&sup2;): 300<br>Price (USD): 262000
17137,-34.653886,-58.495414,3.0,2.0,216.0,100.0,199000.0,red,Bedrooms: 3<br>Bathrooms: 2<br>Surface total (m&sup2;): 216<br>Surface covered (m&sup2;): 100<br>Price (USD): 199000
17754,-34.615745000000004,-58.485384,2.0,2.0,172.0,93.0,270000.0,blue,Bedrooms: 2<br>Bathrooms: 2<br>Surface total (m&sup2;): 172<br>Surface covered (m&sup2;): 93<br>Price (USD): 270000
17936,-34.576739,-58.470311,3.0,2.0,375.0,234.0,650000.0,blue,Bedrooms: 3<br>Bathrooms: 2<br>Surface total (m&sup2;): 375<br>Surface covered (m&sup2;): 234<br>Price (USD): 650000
17972,-34.63216,-58.40591600000001,3.0,2.0,300.0,250.0,285000.0,blue,Bedrooms: 3<br>Bathrooms: 2<br>Surface total (m&sup2;): 300<br>Surface covered (m&sup2;): 250<br>Price (USD): 285000
18623,-34.615183,-58.508341,2.0,2.0,123.0,123.0,240000.0,blue,Bedrooms: 2<br>Bathrooms: 2<br>Surface total (m&sup2;): 123<br>Surface covered (m&sup2;): 123<br>Price (USD): 240000
19199,-34.652821,-58.51977900000001,3.0,2.0,321.0,273.0,324900.0,blue,Bedrooms: 3<br>Bathrooms: 2<br>Surface total (m&sup2;): 321<br>Surface covered (m&sup2;): 273<br>Price (USD): 324900
19201,-34.632645000000004,-58.369739,2.0,2.0,95.0,74.0,172000.0,red,Bedrooms: 2<br>Bathrooms: 2<br>Surface total (m&sup2;): 95<br>Surface covered (m&sup2;): 74<br>Price (USD): 172000
19438,-34.632555,-58.411634,3.0,2.0,292.0,148.0,295000.0,blue,Bedrooms: 3<br>Bathrooms: 2<br>Surface total (m&sup2;): 292<br>Surface covered (m&sup2;): 148<br>Price (USD): 295000
19444,-34.641948,-58.45022,3.0,2.0,226.0,174.0,285000.0,blue,Bedrooms: 3<br>Bathrooms: 2<br>Surface total (m&sup2;): 226<br>Surface covered (m&sup2;): 174<br>Price (USD): 285000
19467,-34.648975,-58.427349,3.0,2.0,140.0,116.0,130000.0,red,Bedrooms: 3<br>Bathrooms: 2<br>Surface total (m&sup2;): 140<br>Surface covered (m&sup2;): 116<br>Price (USD): 130000
19481,-34.595239,-58.47020600000001,3.0,2.0,152.0,135.0,199500.0,red,Bedrooms: 3<br>Bathrooms: 2<br>Surface total (m&sup2;): 152<br>Surface covered (m&sup2;): 135<br>Price (USD): 199500
20440,-34.6393299,-58.3959715,3.0,2.0,340.0,251.0,340000.0,blue,Bedrooms: 3<br>Bathrooms: 2<br>Surface total (m&sup2;): 340<br>Surface covered (m&sup2;): 251<br>Price (USD): 340000
22574,-34.647895299999995,-58.50458149999999,3.0,2.0,200.0,160.0,295000.0,blue,Bedrooms: 3<br>Bathrooms: 2<br>Surface total (m&sup2;): 200<br>Surface covered (m&sup2;): 160<br>Price (USD): 295000
23582,-34.640762200000005,-58.52158570000001,3.0,2.0,143.0,123.0,220000.0,blue,Bedrooms: 3<br>Bathrooms: 2<br>Surface total (m&sup2;): 143<br>Surface covered (m&sup2;): 123<br>Price (USD): 220000
23765,-34.642639,-58.521935,3.0,2.0,172.0,160.0,270000.0,blue,Bedrooms: 3<br>Bathrooms: 2<br>Surface total (m&sup2;): 172<br>Surface covered (m&sup2;): 160<br>Price (USD): 270000
23876,-34.6284956,-58.5124345,3.0,2.0,123.0,118.0,235000.0,blue,Bedrooms: 3<br>Bathrooms: 2<br>Surface total (m&sup2;): 123<br>Surface covered (m&sup2;): 118<br>Price (USD): 235000
27191,-34.687569,-58.46571,2.0,2.0,200.0,125.0,260000.0,blue,Bedrooms: 2<br>Bathrooms: 2<br>Surface total (m&sup2;): 200<br>Surface covered (m&sup2;): 125<br>Price (USD): 260000
27403,-34.647031,-58.3697,3.0,2.0,241.0,146.0,248000.0,blue,Bedrooms: 3<br>Bathrooms: 2<br>Surface total (m&sup2;): 241<br>Surface covered (m&sup2;): 146<br>Price (USD): 248000
27405,-34.5505009,-58.4967921,3.0,2.0,172.0,123.0,390000.0,blue,Bedrooms: 3<br>Bathrooms: 2<br>Surface total (m&sup2;): 172<br>Surface covered (m&sup2;): 123<br>Price (USD): 390000
28317,-34.620385,-58.47162,3.0,2.0,144.0,144.0,290000.0,blue,Bedrooms: 3<br>Bathrooms: 2<br>Surface total (m&sup2;): 144<br>Surface covered (m&sup2;): 144<br>Price (USD): 290000
29430,-34.6181448,-58.492091,3.0,2.0,322.0,322.0,300000.0,blue,Bedrooms: 3<br>Bathrooms: 2<br>Surface total (m&sup2;): 322<br>Surface covered (m&sup2;): 322<br>Price (USD): 300000
30630,-34.620288,-58.459373,3.0,2.0,223.0,223.0,388000.0,blue,Bedrooms: 3<br>Bathrooms: 2<br>Surface total (m&sup2;): 223<br>Surface covered (m&sup2;): 223<br>Price (USD): 388000
31441,-34.645752,-58.503212,3.0,2.0,245.0,83.0,215000.0,blue,Bedrooms: 3<br>Bathrooms: 2<br>Surface total (m&sup2;): 245<br>Surface covered (m&sup2;): 83<br>Price (USD): 215000
31449,-34.5946904,-58.50094670000001,3.0,2.0,200.0,190.0,305000.0,blue,Bedrooms: 3<br>Bathrooms: 2<br>Surface total (m&sup2;): 200<br>Surface covered (m&sup2;): 190<br>Price (USD): 305000
31450,-34.594974,-58.50793,3.0,2.0,305.0,130.0,435000.0,blue,Bedrooms: 3<br>Bathrooms: 2<br>Surface total (m&sup2;): 305<br>Surface covered (m&sup2;): 130<br>Price (USD): 435000
31609,-34.662023,-58.43744399999999,3.0,2.0,330.0,150.0,299000.0,blue,Bedrooms: 3<br>Bathrooms: 2<br>Surface total (m&sup2;): 330<br>Surface covered (m&sup2;): 150<br>Price (USD): 299000
32084,-34.6536768,-58.5141131,3.0,2.0,208.0,200.0,420000.0,blue,Bedrooms: 3<br>Bathrooms: 2<br>Surface total (m&sup2;): 208<br>Surface covered (m&sup2;): 200<br>Price (USD): 420000
33006,-34.685763,-58.470122,3.0,2.0,100.0,100.0,235000.0,blue,Bedrooms: 3<br>Bathrooms: 2<br>Surface total (m&sup2;): 100<br>Surface covered (m&sup2;): 100<br>Price (USD): 235000
33897,-34.637919000000004,-58.454747,3.0,2.0,264.0,216.0,139000.0,red,Bedrooms: 3<br>Bathrooms: 2<br>Surface total (m&sup2;): 264<br>Surface covered (m&sup2;): 216<br>Price (USD): 139000
34285,-34.67332260000001,-58.4768043,3.0,2.0,166.0,140.0,183000.0,red,Bedrooms: 3<br>Bathrooms: 2<br>Surface total (m&sup2;): 166<br>Surface covered (m&sup2;): 140<br>Price (USD): 183000
34287,-34.581111,-58.502124,3.0,2.0,229.0,170.0,420000.0,blue,Bedrooms: 3<br>Bathrooms: 2<br>Surface total (m&sup2;): 229<br>Surface covered (m&sup2;): 170<br>Price (USD): 420000
34869,-34.6159,-58.45318100000001,2.0,2.0,311.0,290.0,520000.0,blue,Bedrooms: 2<br>Bathrooms: 2<br>Surface total (m&sup2;): 311<br>Surface covered (m&sup2;): 290<br>Price (USD): 520000
35138,-34.653886,-58.495414,3.0,2.0,216.0,115.0,220000.0,blue,Bedrooms: 3<br>Bathrooms: 2<br>Surface total (m&sup2;): 216<br>Surface covered (m&sup2;): 115<br>Price (USD): 220000
35769,-34.613607,-58.475167000000006,3.0,2.0,141.0,89.0,230000.0,blue,Bedrooms: 3<br>Bathrooms: 2<br>Surface total (m&sup2;): 141<br>Surface covered (m&sup2;): 89<br>Price (USD): 230000
36195,-34.643517,-58.521286,3.0,2.0,153.0,123.0,220000.0,blue,Bedrooms: 3<br>Bathrooms: 2<br>Surface total (m&sup2;): 153<br>Surface covered (m&sup2;): 123<br>Price (USD): 220000
36793,-34.639962,-58.503044,3.0,2.0,349.0,159.0,270000.0,blue,Bedrooms: 3<br>Bathrooms: 2<br>Surface total (m&sup2;): 349<br>Surface covered (m&sup2;): 159<br>Price (USD): 270000
36795,-34.611294,-58.513691,3.0,2.0,175.0,175.0,410000.0,blue,Bedrooms: 3<br>Bathrooms: 2<br>Surface total (m&sup2;): 175<br>Surface covered (m&sup2;): 175<br>Price (USD): 410000
36796,-34.602821,-58.504254,3.0,2.0,336.0,194.0,530000.0,blue,Bedrooms: 3<br>Bathrooms: 2<br>Surface total (m&sup2;): 336<br>Surface covered (m&sup2;): 194<br>Price (USD): 530000
37045,-34.558889,-58.479749,3.0,2.0,170.0,120.0,340000.0,blue,Bedrooms: 3<br>Bathrooms: 2<br>Surface total (m&sup2;): 170<br>Surface covered (m&sup2;): 120<br>Price (USD): 340000
37946,-34.62090300000001,-58.420416,3.0,2.0,248.0,185.0,450000.0,blue,Bedrooms: 3<br>Bathrooms: 2<br>Surface total (m&sup2;): 248<br>Surface covered (m&sup2;): 185<br>Price (USD): 450000
38285,-34.60665,-58.460011,3.0,2.0,193.0,143.0,295000.0,blue,Bedrooms: 3<br>Bathrooms: 2<br>Surface total (m&sup2;): 193<br>Surface covered (m&sup2;): 143<br>Price (USD): 295000
38294,-34.561203000000006,-58.487061,3.0,2.0,200.0,143.0,390000.0,blue,Bedrooms: 3<br>Bathrooms: 2<br>Surface total (m&sup2;): 200<br>Surface covered (m&sup2;): 143<br>Price (USD): 390000
40384,-34.644597600000004,-58.52512090000001,3.0,2.0,170.0,157.0,260000.0,blue,Bedrooms: 3<br>Bathrooms: 2<br>Surface total (m&sup2;): 170<br>Surface covered (m&sup2;): 157<br>Price (USD): 260000
40778,-34.621146,-58.464635,3.0,2.0,186.0,104.0,290000.0,blue,Bedrooms: 3<br>Bathrooms: 2<br>Surface total (m&sup2;): 186<br>Surface covered (m&sup2;): 104<br>Price (USD): 290000
42228,-34.666597499999995,-58.4840313,3.0,2.0,326.0,225.0,279000.0,blue,Bedrooms: 3<br>Bathrooms: 2<br>Surface total (m&sup2;): 326<br>Surface covered (m&sup2;): 225<br>Price (USD): 279000
42248,-34.651794,-58.480366,3.0,2.0,240.0,120.0,245000.0,blue,Bedrooms: 3<br>Bathrooms: 2<br>Surface total (m&sup2;): 240<br>Surface covered (m&sup2;): 120<br>Price (USD): 245000
42481,-34.647483,-58.518137,3.0,2.0,300.0,120.0,319000.0,blue,Bedrooms: 3<br>Bathrooms: 2<br>Surface total (m&sup2;): 300<br>Surface covered (m&sup2;): 120<br>Price (USD): 319000
42488,-34.605439000000004,-58.483997,3.0,2.0,157.0,106.0,300000.0,blue,Bedrooms: 3<br>Bathrooms: 2<br>Surface total (m&sup2;): 157<br>Surface covered (m&sup2;): 106<br>Price (USD): 300000
42711,-34.6438,-58.3881,3.0,2.0,120.0,100.0,95000.0,red,Bedrooms: 3<br>Bathrooms: 2<br>Surface total (m&sup2;): 120<br>Surface covered (m&sup2;): 100<br>Price (USD): 95000
42716,-34.623532,-58.505545,3.0,2.0,140.0,116.0,200000.0,red,Bedrooms: 3<br>Bathrooms: 2<br>Surface total (m&sup2;): 140<br>Surface covered (m&sup2;): 116<br>Price (USD): 200000
42968,-34.558889,-58.479749,3.0,2.0,170.0,120.0,349000.0,blue,Bedrooms: 3<br>Bathrooms: 2<br>Surface total (m&sup2;): 170<br>Surface covered (m&sup2;): 120<br>Price (USD): 349000
42969,-34.557821999999994,-58.477983,3.0,2.0,170.0,120.0,349000.0,blue,Bedrooms: 3<br>Bathrooms: 2<br>Surface total (m&sup2;): 170<br>Surface covered (m&sup2;): 120<br>Price (USD): 349000
43014,-34.607577,-58.48119000000001,2.0,2.0,192.0,139.0,280000.0,blue,Bedrooms: 2<br>Bathrooms: 2<br>Surface total (m&sup2;): 192<br>Surface covered (m&sup2;): 139<br>Price (USD): 280000
44491,-34.552701,-58.484368,3.0,2.0,157.0,131.0,289000.0,blue,Bedrooms: 3<br>Bathrooms: 2<br>Surface total (m&sup2;): 157<br>Surface covered (m&sup2;): 131<br>Price (USD): 289000
44492,-34.618097,-58.46079399999999,3.0,2.0,200.0,170.0,430000.0,blue,Bedrooms: 3<br>Bathrooms: 2<br>Surface total (m&sup2;): 200<br>Surface covered (m&sup2;): 170<br>Price (USD): 430000
44493,-34.632672,-58.518629,3.0,2.0,190.0,146.0,270000.0,blue,Bedrooms: 3<br>Bathrooms: 2<br>Surface total (m&sup2;): 190<br>Surface covered (m&sup2;): 146<br>Price (USD): 270000
44500,-34.609845,-58.510502,3.0,2.0,170.0,112.0,240000.0,blue,Bedrooms: 3<br>Bathrooms: 2<br>Surface total (m&sup2;): 170<br>Surface covered (m&sup2;): 112<br>Price (USD): 240000
46908,-34.5911461,-58.4450995,3.0,2.0,191.0,154.0,410000.0,blue,Bedrooms: 3<br>Bathrooms: 2<br>Surface total (m&sup2;): 191<br>Surface covered (m&sup2;): 154<br>Price (USD): 410000
47546,-34.59501160000001,-58.5203365,3.0,2.0,450.0,250.0,340000.0,blue,Bedrooms: 3<br>Bathrooms: 2<br>Surface total (m&sup2;): 450<br>Surface covered (m&sup2;): 250<br>Price (USD): 340000
47928,-34.6035755,-58.4271824,3.0,2.0,91.0,78.0,249000.0,blue,Bedrooms: 3<br>Bathrooms: 2<br>Surface total (m&sup2;): 91<br>Surface covered (m&sup2;): 78<br>Price (USD): 249000
48056,-34.606114,-58.408452,3.0,2.0,120.0,110.0,220000.0,blue,Bedrooms: 3<br>Bathrooms: 2<br>Surface total (m&sup2;): 120<br>Surface covered (m&sup2;): 110<br>Price (USD): 220000
50040,-34.671291,-58.475258,3.0,2.0,166.0,140.0,183000.0,red,Bedrooms: 3<br>Bathrooms: 2<br>Surface total (m&sup2;): 166<br>Surface covered (m&sup2;): 140<br>Price (USD): 183000
50193,-34.574099573699996,-58.4741529451,2.0,2.0,252.0,122.0,415000.0,blue,Bedrooms: 2<br>Bathrooms: 2<br>Surface total (m&sup2;): 252<br>Surface covered (m&sup2;): 122<br>Price (USD): 415000
50195,-34.5744248501,-58.4740667958,2.0,2.0,252.0,122.0,415000.0,blue,Bedrooms: 2<br>Bathrooms: 2<br>Surface total (m&sup2;): 252<br>Surface covered (m&sup2;): 122<br>Price (USD): 415000
50196,-34.574157605,-58.4741200009,2.0,2.0,252.0,122.0,415000.0,blue,Bedrooms: 2<br>Bathrooms: 2<br>Surface total (m&sup2;): 252<br>Surface covered (m&sup2;): 122<br>Price (USD): 415000
50466,-34.639503999999995,-58.46897,3.0,2.0,225.0,141.0,335000.0,blue,Bedrooms: 3<br>Bathrooms: 2<br>Surface total (m&sup2;): 225<br>Surface covered (m&sup2;): 141<br>Price (USD): 335000
51683,-34.606114,-58.408452,3.0,2.0,120.0,110.0,240000.0,blue,Bedrooms: 3<br>Bathrooms: 2<br>Surface total (m&sup2;): 120<br>Surface covered (m&sup2;): 110<br>Price (USD): 240000
51945,-34.580737,-58.467014,3.0,2.0,129.0,87.0,219000.0,blue,Bedrooms: 3<br>Bathrooms: 2<br>Surface total (m&sup2;): 129<br>Surface covered (m&sup2;): 87<br>Price (USD): 219000
52801,-34.588011,-58.470283,3.0,2.0,122.0,122.0,250000.0,blue,Bedrooms: 3<br>Bathrooms: 2<br>Surface total (m&sup2;): 122<br>Surface covered (m&sup2;): 122<br>Price (USD): 250000
53040,-34.597296,-58.48363199999999,3.0,2.0,174.0,142.0,249999.0,blue,Bedrooms: 3<br>Bathrooms: 2<br>Surface total (m&sup2;): 174<br>Surface covered (m&sup2;): 142<br>Price (USD): 249999
53044,-34.638859000000004,-58.480268,3.0,2.0,170.0,170.0,290000.0,blue,Bedrooms: 3<br>Bathrooms: 2<br>Surface total (m&sup2;): 170<br>Surface covered (m&sup2;): 170<br>Price (USD): 290000
53112,-34.59967,-58.418919,3.0,2.0,216.0,118.0,415000.0,blue,Bedrooms: 3<br>Bathrooms: 2<br>Surface total (m&sup2;): 216<br>Surface covered (m&sup2;): 118<br>Price (USD): 415000
53481,-34.634197,-58.45175699999999,2.0,2.0,228.0,172.0,395000.0,blue,Bedrooms: 2<br>Bathrooms: 2<br>Surface total (m&sup2;): 228<br>Surface covered (m&sup2;): 172<br>Price (USD): 395000
53585,-34.609318,-58.457966000000006,3.0,2.0,99.0,83.0,320000.0,blue,Bedrooms: 3<br>Bathrooms: 2<br>Surface total (m&sup2;): 99<br>Surface covered (m&sup2;): 83<br>Price (USD): 320000
55367,-34.637484,-58.460145,3.0,2.0,173.0,155.0,185000.0,red,Bedrooms: 3<br>Bathrooms: 2<br>Surface total (m&sup2;): 173<br>Surface covered (m&sup2;): 155<br>Price (USD): 185000
56662,-34.653166,-58.49432679999999,3.0,2.0,320.0,230.0,290000.0,blue,Bedrooms: 3<br>Bathrooms: 2<br>Surface total (m&sup2;): 320<br>Surface covered (m&sup2;): 230<br>Price (USD): 290000
56914,-34.638875,-58.4513373,3.0,2.0,242.0,190.0,379000.0,blue,Bedrooms: 3<br>Bathrooms: 2<br>Surface total (m&sup2;): 242<br>Surface covered (m&sup2;): 190<br>Price (USD): 379000
57445,-34.691422,-58.476761,3.0,2.0,140.0,110.0,280000.0,blue,Bedrooms: 3<br>Bathrooms: 2<br>Surface total (m&sup2;): 140<br>Surface covered (m&sup2;): 110<br>Price (USD): 280000
59982,-34.623374,-58.493522,3.0,2.0,171.0,132.0,258000.0,blue,Bedrooms: 3<br>Bathrooms: 2<br>Surface total (m&sup2;): 171<br>Surface covered (m&sup2;): 132<br>Price (USD): 258000
60223,-34.610525,-58.52651,3.0,2.0,160.0,160.0,302000.0,blue,Bedrooms: 3<br>Bathrooms: 2<br>Surface total (m&sup2;): 160<br>Surface covered (m&sup2;): 160<br>Price (USD): 302000
61214,-34.558889,-58.479749,3.0,2.0,170.0,150.0,344900.0,blue,Bedrooms: 3<br>Bathrooms: 2<br>Surface total (m&sup2;): 170<br>Surface covered (m&sup2;): 150<br>Price (USD): 344900
61215,-34.557821999999994,-58.477983,3.0,2.0,170.0,150.0,344900.0,blue,Bedrooms: 3<br>Bathrooms: 2<br>Surface total (m&sup2;): 170<br>Surface covered (m&sup2;): 150<br>Price (USD): 344900
61465,-34.618744,-58.370225,2.0,2.0,198.0,148.0,329000.0,blue,Bedrooms: 2<br>Bathrooms: 2<br>Surface total (m&sup2;): 198<br>Surface covered (m&sup2;): 148<br>Price (USD): 329000
61617,-34.637924,-58.44634,3.0,2.0,210.0,170.0,288000.0,blue,Bedrooms: 3<br>Bathrooms: 2<br>Surface total (m&sup2;): 210<br>Surface covered (m&sup2;): 170<br>Price (USD): 288000
61886,-34.659376,-58.430535,2.0,2.0,316.0,138.0,177000.0,red,Bedrooms: 2<br>Bathrooms: 2<br>Surface total (m&sup2;): 316<br>Surface covered (m&sup2;): 138<br>Price (USD): 177000
61990,-34.641003999999995,-58.458043,3.0,2.0,153.0,91.0,220000.0,blue,Bedrooms: 3<br>Bathrooms: 2<br>Surface total (m&sup2;): 153<br>Surface covered (m&sup2;): 91<br>Price (USD): 220000
62020,-34.613075,-58.464588,3.0,2.0,100.0,87.0,230000.0,blue,Bedrooms: 3<br>Bathrooms: 2<br>Surface total (m&sup2;): 100<br>Surface covered (m&sup2;): 87<br>Price (USD): 230000
62907,-34.552607,-58.47906999999999,3.0,2.0,95.0,93.0,265000.0,blue,Bedrooms: 3<br>Bathrooms: 2<br>Surface total (m&sup2;): 95<br>Surface covered (m&sup2;): 93<br>Price (USD): 265000
62912,-34.649292,-58.506735600000006,3.0,2.0,329.0,138.0,440000.0,blue,Bedrooms: 3<br>Bathrooms: 2<br>Surface total (m&sup2;): 329<br>Surface covered (m&sup2;): 138<br>Price (USD): 440000
62941,-34.689873,-58.480633,3.0,2.0,373.0,150.0,260000.0,blue,Bedrooms: 3<br>Bathrooms: 2<br>Surface total (m&sup2;): 373<br>Surface covered (m&sup2;): 150<br>Price (USD): 260000
62967,-34.642367,-58.440502,2.0,2.0,138.0,125.0,185000.0,red,Bedrooms: 2<br>Bathrooms: 2<br>Surface total (m&sup2;): 138<br>Surface covered (m&sup2;): 125<br>Price (USD): 185000
62968,-34.637207000000004,-58.432964,3.0,2.0,320.0,165.0,260000.0,blue,Bedrooms: 3<br>Bathrooms: 2<br>Surface total (m&sup2;): 320<br>Surface covered (m&sup2;): 165<br>Price (USD): 260000
63512,-34.639534000000005,-58.468943,3.0,2.0,225.0,141.0,280000.0,blue,Bedrooms: 3<br>Bathrooms: 2<br>Surface total (m&sup2;): 225<br>Surface covered (m&sup2;): 141<br>Price (USD): 280000
63921,-34.669441,-58.485779,3.0,2.0,378.0,270.0,180000.0,red,Bedrooms: 3<br>Bathrooms: 2<br>Surface total (m&sup2;): 378<br>Surface covered (m&sup2;): 270<br>Price (USD): 180000
65011,-34.642107200000005,-58.50675250000001,3.0,2.0,220.0,140.0,420000.0,blue,Bedrooms: 3<br>Bathrooms: 2<br>Surface total (m&sup2;): 220<br>Surface covered (m&sup2;): 140<br>Price (USD): 420000
65812,-34.5612,-58.48559300000001,3.0,2.0,305.0,174.0,369000.0,blue,Bedrooms: 3<br>Bathrooms: 2<br>Surface total (m&sup2;): 305<br>Surface covered (m&sup2;): 174<br>Price (USD): 369000
66258,-34.607445,-58.519964,3.0,2.0,249.0,180.0,360000.0,blue,Bedrooms: 3<br>Bathrooms: 2<br>Surface total (m&sup2;): 249<br>Surface covered (m&sup2;): 180<br>Price (USD): 360000
66649,-34.644371,-58.509132,3.0,2.0,380.0,190.0,380000.0,blue,Bedrooms: 3<br>Bathrooms: 2<br>Surface total (m&sup2;): 380<br>Surface covered (m&sup2;): 190<br>Price (USD): 380000
66650,-34.603363,-58.48487900000001,3.0,2.0,234.0,126.0,310000.0,blue,Bedrooms: 3<br>Bathrooms: 2<br>Surface total (m&sup2;): 234<br>Surface covered (m&sup2;): 126<br>Price (USD): 310000
66651,-34.606251,-58.482113,3.0,2.0,486.0,200.0,450000.0,blue,Bedrooms: 3<br>Bathrooms: 2<br>Surface total (m&sup2;): 486<br>Surface covered (m&sup2;): 200<br>Price (USD): 450000
66861,-34.55121,-58.497398,2.0,2.0,218.0,200.0,330000.0,blue,Bedrooms: 2<br>Bathrooms: 2<br>Surface total (m&sup2;): 218<br>Surface covered (m&sup2;): 200<br>Price (USD): 330000
67966,-34.621424,-58.480086,3.0,2.0,350.0,280.0,580000.0,blue,Bedrooms: 3<br>Bathrooms: 2<br>Surface total (m&sup2;): 350<br>Surface covered (m&sup2;): 280<br>Price (USD): 580000
67967,-34.642433000000004,-58.45385,3.0,2.0,220.0,200.0,189000.0,red,Bedrooms: 3<br>Bathrooms: 2<br>Surface total (m&sup2;): 220<br>Surface covered (m&sup2;): 200<br>Price (USD): 189000
67996,-34.619713,-58.52401500000001,3.0,2.0,320.0,252.0,385000.0,blue,Bedrooms: 3<br>Bathrooms: 2<br>Surface total (m&sup2;): 320<br>Surface covered (m&sup2;): 252<br>Price (USD): 385000
67997,-34.60192,-58.509542,3.0,2.0,231.0,138.0,515000.0,blue,Bedrooms: 3<br>Bathrooms: 2<br>Surface total (m&sup2;): 231<br>Surface covered (m&sup2;): 138<br>Price (USD): 515000
68432,-34.649498,-58.480803,3.0,2.0,136.0,105.0,210000.0,blue,Bedrooms: 3<br>Bathrooms: 2<br>Surface total (m&sup2;): 136<br>Surface covered (m&sup2;): 105<br>Price (USD): 210000
68699,-34.647135799999994,-58.485554500000006,3.0,2.0,188.0,133.0,195000.0,red,Bedrooms: 3<br>Bathrooms: 2<br>Surface total (m&sup2;): 188<br>Surface covered (m&sup2;): 133<br>Price (USD): 195000
69025,-34.6101837111,-58.5259025,3.0,2.0,260.0,120.0,390000.0,blue,Bedrooms: 3<br>Bathrooms: 2<br>Surface total (m&sup2;): 260<br>Surface covered (m&sup2;): 120<br>Price (USD): 390000
69262,-34.677981,-58.472058,4.0,2.0,340.0,93.0,175000.0,red,Bedrooms: 4<br>Bathrooms: 2<br>Surface total (m&sup2;): 340<br>Surface covered (m&sup2;): 93<br>Price (USD): 175000
70196,-34.620288,-58.459373,3.0,2.0,223.0,190.0,360000.0,blue,Bedrooms: 3<br>Bathrooms: 2<br>Surface total (m&sup2;): 223<br>Surface covered (m&sup2;): 190<br>Price (USD): 360000
70199,-34.556975,-58.47563,3.0,2.0,196.0,123.0,450000.0,blue,Bedrooms: 3<br>Bathrooms: 2<br>Surface total (m&sup2;): 196<br>Surface covered (m&sup2;): 123<br>Price (USD): 450000
71298,-34.550470000000004,-58.496798,3.0,2.0,172.0,120.0,350000.0,blue,Bedrooms: 3<br>Bathrooms: 2<br>Surface total (m&sup2;): 172<br>Surface covered (m&sup2;): 120<br>Price (USD): 350000
72207,-34.618744,-58.370225,2.0,2.0,198.0,148.0,330000.0,blue,Bedrooms: 2<br>Bathrooms: 2<br>Surface total (m&sup2;): 198<br>Surface covered (m&sup2;): 148<br>Price (USD): 330000
73360,-34.550583,-58.463333,3.0,2.0,190.0,147.0,480000.0,blue,Bedrooms: 3<br>Bathrooms: 2<br>Surface total (m&sup2;): 190<br>Surface covered (m&sup2;): 147<br>Price (USD): 480000
73403,-34.605798,-58.503109,3.0,2.0,147.0,147.0,195000.0,red,Bedrooms: 3<br>Bathrooms: 2<br>Surface total (m&sup2;): 147<br>Surface covered (m&sup2;): 147<br>Price (USD): 195000
73820,-34.641003999999995,-58.458043,3.0,2.0,153.0,91.0,195000.0,red,Bedrooms: 3<br>Bathrooms: 2<br>Surface total (m&sup2;): 153<br>Surface covered (m&sup2;): 91<br>Price (USD): 195000
73848,-34.593822,-58.45568100000001,3.0,2.0,160.0,160.0,250000.0,blue,Bedrooms: 3<br>Bathrooms: 2<br>Surface total (m&sup2;): 160<br>Surface covered (m&sup2;): 160<br>Price (USD): 250000
74610,-34.6331465444,-58.4676732915,3.0,2.0,90.0,83.0,179000.0,red,Bedrooms: 3<br>Bathrooms: 2<br>Surface total (m&sup2;): 90<br>Surface covered (m&sup2;): 83<br>Price (USD): 179000
75474,-34.553348,-58.476356,3.0,2.0,140.0,128.0,349000.0,blue,Bedrooms: 3<br>Bathrooms: 2<br>Surface total (m&sup2;): 140<br>Surface covered (m&sup2;): 128<br>Price (USD): 349000
75528,-34.591255,-58.518763,3.0,2.0,316.0,316.0,395000.0,blue,Bedrooms: 3<br>Bathrooms: 2<br>Surface total (m&sup2;): 316<br>Surface covered (m&sup2;): 316<br>Price (USD): 395000
76376,-34.633257,-58.387739,3.0,2.0,148.0,125.0,340000.0,blue,Bedrooms: 3<br>Bathrooms: 2<br>Surface total (m&sup2;): 148<br>Surface covered (m&sup2;): 125<br>Price (USD): 340000
76757,-34.649509,-58.413106000000006,3.0,2.0,140.0,140.0,165000.0,red,Bedrooms: 3<br>Bathrooms: 2<br>Surface total (m&sup2;): 140<br>Surface covered (m&sup2;): 140<br>Price (USD): 165000
77681,-34.541677,-58.464686,3.0,2.0,174.0,174.0,330000.0,blue,Bedrooms: 3<br>Bathrooms: 2<br>Surface total (m&sup2;): 174<br>Surface covered (m&sup2;): 174<br>Price (USD): 330000
77693,-34.54659,-58.47221800000001,3.0,2.0,159.0,113.0,340000.0,blue,Bedrooms: 3<br>Bathrooms: 2<br>Surface total (m&sup2;): 159<br>Surface covered (m&sup2;): 113<br>Price (USD): 340000
77706,-34.676323,-58.495121,3.0,2.0,373.0,220.0,180000.0,red,Bedrooms: 3<br>Bathrooms: 2<br>Surface total (m&sup2;): 373<br>Surface covered (m&sup2;): 220<br>Price (USD): 180000
77713,-34.651405,-58.481075,3.0,2.0,240.0,120.0,250000.0,blue,Bedrooms: 3<br>Bathrooms: 2<br>Surface total (m&sup2;): 240<br>Surface covered (m&sup2;): 120<br>Price (USD): 250000
78195,-34.61755,-58.450895,3.0,2.0,160.0,160.0,330000.0,blue,Bedrooms: 3<br>Bathrooms: 2<br>Surface total (m&sup2;): 160<br>Surface covered (m&sup2;): 160<br>Price (USD): 330000
78198,-34.5679797,-58.48554250000001,3.0,2.0,212.0,172.0,469000.0,blue,Bedrooms: 3<br>Bathrooms: 2<br>Surface total (m&sup2;): 212<br>Surface covered (m&sup2;): 172<br>Price (USD): 469000
79005,-34.6329952783,-58.4177133358,3.0,2.0,190.0,110.0,165000.0,red,Bedrooms: 3<br>Bathrooms: 2<br>Surface total (m&sup2;): 190<br>Surface covered (m&sup2;): 110<br>Price (USD): 165000
79467,-34.629817,-58.500782,2.0,2.0,180.0,114.0,190000.0,red,Bedrooms: 2<br>Bathrooms: 2<br>Surface total (m&sup2;): 180<br>Surface covered (m&sup2;): 114<br>Price (USD): 190000
79468,-34.659376,-58.430535,2.0,2.0,316.0,138.0,159000.0,red,Bedrooms: 2<br>Bathrooms: 2<br>Surface total (m&sup2;): 316<br>Surface covered (m&sup2;): 138<br>Price (USD): 159000
79479,-34.638069,-58.454851,3.0,2.0,177.0,126.0,215000.0,blue,Bedrooms: 3<br>Bathrooms: 2<br>Surface total (m&sup2;): 177<br>Surface covered (m&sup2;): 126<br>Price (USD): 215000
80099,-34.623207,-58.50591800000001,3.0,2.0,142.0,101.0,250000.0,blue,Bedrooms: 3<br>Bathrooms: 2<br>Surface total (m&sup2;): 142<br>Surface covered (m&sup2;): 101<br>Price (USD): 250000
80303,-34.5525242,-58.4743566,3.0,2.0,245.0,178.0,420000.0,blue,Bedrooms: 3<br>Bathrooms: 2<br>Surface total (m&sup2;): 245<br>Surface covered (m&sup2;): 178<br>Price (USD): 420000
83764,-34.634381,-58.437657,3.0,2.0,135.0,114.0,180000.0,red,Bedrooms: 3<br>Bathrooms: 2<br>Surface total (m&sup2;): 135<br>Surface covered (m&sup2;): 114<br>Price (USD): 180000
84029,-34.627515,-58.500806,3.0,2.0,126.0,84.0,265000.0,blue,Bedrooms: 3<br>Bathrooms: 2<br>Surface total (m&sup2;): 126<br>Surface covered (m&sup2;): 84<br>Price (USD): 265000
84311,-34.587761,-58.430523,3.0,2.0,127.0,98.0,450000.0,blue,Bedrooms: 3<br>Bathrooms: 2<br>Surface total (m&sup2;): 127<br>Surface covered (m&sup2;): 98<br>Price (USD): 450000
85189,-34.595239,-58.47020600000001,3.0,2.0,152.0,135.0,210000.0,blue,Bedrooms: 3<br>Bathrooms: 2<br>Surface total (m&sup2;): 152<br>Surface covered (m&sup2;): 135<br>Price (USD): 210000
86009,-34.653716,-58.394178,3.0,2.0,200.0,116.0,140000.0,red,Bedrooms: 3<br>Bathrooms: 2<br>Surface total (m&sup2;): 200<br>Surface covered (m&sup2;): 116<br>Price (USD): 140000
87185,-34.64312020000001,-58.5248938,3.0,2.0,170.0,155.0,290000.0,blue,Bedrooms: 3<br>Bathrooms: 2<br>Surface total (m&sup2;): 170<br>Surface covered (m&sup2;): 155<br>Price (USD): 290000
87188,-34.667871000000005,-58.50960300000001,3.0,2.0,302.0,233.0,320000.0,blue,Bedrooms: 3<br>Bathrooms: 2<br>Surface total (m&sup2;): 302<br>Surface covered (m&sup2;): 233<br>Price (USD): 320000
88756,-34.609343,-58.504891,3.0,2.0,360.0,240.0,615000.0,blue,Bedrooms: 3<br>Bathrooms: 2<br>Surface total (m&sup2;): 360<br>Surface covered (m&sup2;): 240<br>Price (USD): 615000
89354,-34.616246000000004,-58.503978,3.0,2.0,242.0,190.0,349000.0,blue,Bedrooms: 3<br>Bathrooms: 2<br>Surface total (m&sup2;): 242<br>Surface covered (m&sup2;): 190<br>Price (USD): 349000
89359,-34.604596,-58.449489,3.0,2.0,180.0,160.0,340000.0,blue,Bedrooms: 3<br>Bathrooms: 2<br>Surface total (m&sup2;): 180<br>Surface covered (m&sup2;): 160<br>Price (USD): 340000
89374,-34.629817,-58.500782,2.0,2.0,180.0,114.0,245000.0,blue,Bedrooms: 2<br>Bathrooms: 2<br>Surface total (m&sup2;): 180<br>Surface covered (m&sup2;): 114<br>Price (USD): 245000
90846,-34.654579,-58.507285,3.0,2.0,267.0,178.0,430000.0,blue,Bedrooms: 3<br>Bathrooms: 2<br>Surface total (m&sup2;): 267<br>Surface covered (m&sup2;): 178<br>Price (USD): 430000
90851,-34.585376000000004,-58.468799,3.0,2.0,159.0,155.0,290000.0,blue,Bedrooms: 3<br>Bathrooms: 2<br>Surface total (m&sup2;): 159<br>Surface covered (m&sup2;): 155<br>Price (USD): 290000
91685,-34.545229,-58.461036,3.0,2.0,234.0,163.0,440000.0,blue,Bedrooms: 3<br>Bathrooms: 2<br>Surface total (m&sup2;): 234<br>Surface covered (m&sup2;): 163<br>Price (USD): 440000
93405,-34.555254,-58.47600300000001,4.0,2.0,205.0,171.0,430000.0,blue,Bedrooms: 4<br>Bathrooms: 2<br>Surface total (m&sup2;): 205<br>Surface covered (m&sup2;): 171<br>Price (USD): 430000
94021,-34.555254,-58.47600300000001,4.0,2.0,205.0,171.0,395000.0,blue,Bedrooms: 4<br>Bathrooms: 2<br>Surface total (m&sup2;): 205<br>Surface covered (m&sup2;): 171<br>Price (USD): 395000
94029,-34.556861,-58.47579399999999,2.0,2.0,89.0,82.0,285000.0,blue,Bedrooms: 2<br>Bathrooms: 2<br>Surface total (m&sup2;): 89<br>Surface covered (m&sup2;): 82<br>Price (USD): 285000
94781,-34.649429,-58.49542,3.0,2.0,122.0,122.0,159000.0,red,Bedrooms: 3<br>Bathrooms: 2<br>Surface total (m&sup2;): 122<br>Surface covered (m&sup2;): 122<br>Price (USD): 159000
94785,-34.671329,-58.468761,3.0,2.0,250.0,165.0,220000.0,blue,Bedrooms: 3<br>Bathrooms: 2<br>Surface total (m&sup2;): 250<br>Surface covered (m&sup2;): 165<br>Price (USD): 220000
95480,-34.628496000000005,-58.512434,3.0,2.0,170.0,118.0,315000.0,blue,Bedrooms: 3<br>Bathrooms: 2<br>Surface total (m&sup2;): 170<br>Surface covered (m&sup2;): 118<br>Price (USD): 315000
95481,-34.580565,-58.469234,3.0,2.0,200.0,160.0,430000.0,blue,Bedrooms: 3<br>Bathrooms: 2<br>Surface total (m&sup2;): 200<br>Surface covered (m&sup2;): 160<br>Price (USD): 430000
98072,-34.642092,-58.370811,3.0,2.0,380.0,220.0,280000.0,blue,Bedrooms: 3<br>Bathrooms: 2<br>Surface total (m&sup2;): 380<br>Surface covered (m&sup2;): 220<br>Price (USD): 280000
98084,-34.577096999999995,-58.455055,3.0,2.0,270.0,240.0,750000.0,blue,Bedrooms: 3<br>Bathrooms: 2<br>Surface total (m&sup2;): 270<br>Surface covered (m&sup2;): 240<br>Price (USD): 750000
98922,-34.606802,-58.481748,3.0,2.0,145.0,130.0,389500.0,blue,Bedrooms: 3<br>Bathrooms: 2<br>Surface total (m&sup2;): 145<br>Surface covered (m&sup2;): 130<br>Price (USD): 389500
101335,-34.609161,-58.512669,3.0,2.0,130.0,105.0,330000.0,blue,Bedrooms: 3<br>Bathrooms: 2<br>Surface total (m&sup2;): 130<br>Surface covered (m&sup2;): 105<br>Price (USD): 330000
103202,-34.623274,-58.483398,3.0,2.0,105.0,74.0,250000.0,blue,Bedrooms: 3<br>Bathrooms: 2<br>Surface total (m&sup2;): 105<br>Surface covered (m&sup2;): 74<br>Price (USD): 250000
103469,-34.6053141,-58.4509404,3.0,2.0,160.0,100.0,345000.0,blue,Bedrooms: 3<br>Bathrooms: 2<br>Surface total (m&sup2;): 160<br>Surface covered (m&sup2;): 100<br>Price (USD): 345000
106671,-34.642369,-58.50192,3.0,2.0,217.0,120.0,310000.0,blue,Bedrooms: 3<br>Bathrooms: 2<br>Surface total (m&sup2;): 217<br>Surface covered (m&sup2;): 120<br>Price (USD): 310000
106672,-34.624509,-58.508625,3.0,2.0,106.0,75.0,190000.0,red,Bedrooms: 3<br>Bathrooms: 2<br>Surface total (m&sup2;): 106<br>Surface covered (m&sup2;): 75<br>Price (USD): 190000
106971,-34.6506236,-58.5284115,3.0,2.0,134.0,80.0,185000.0,red,Bedrooms: 3<br>Bathrooms: 2<br>Surface total (m&sup2;): 134<br>Surface covered (m&sup2;): 80<br>Price (USD): 185000
107274,-34.649800667,-58.38601697439999,2.0,2.0,150.0,90.0,150000.0,red,Bedrooms: 2<br>Bathrooms: 2<br>Surface total (m&sup2;): 150<br>Surface covered (m&sup2;): 90<br>Price (USD): 150000
107441,-34.606984999999995,-58.47571800000001,3.0,2.0,162.0,154.0,280000.0,blue,Bedrooms: 3<br>Bathrooms: 2<br>Surface total (m&sup2;): 162<br>Surface covered (m&sup2;): 154<br>Price (USD): 280000
108522,-34.616178000000005,-58.463107,3.0,2.0,200.0,180.0,390000.0,blue,Bedrooms: 3<br>Bathrooms: 2<br>Surface total (m&sup2;): 200<br>Surface covered (m&sup2;): 180<br>Price (USD): 390000
109028,-34.55265900000001,-58.485976,2.0,2.0,204.0,153.0,350000.0,blue,Bedrooms: 2<br>Bathrooms: 2<br>Surface total (m&sup2;): 204<br>Surface covered (m&sup2;): 153<br>Price (USD): 350000
109397,-34.6375991224,-58.3885407347,3.0,2.0,233.0,200.0,249000.0,blue,Bedrooms: 3<br>Bathrooms: 2<br>Surface total (m&sup2;): 233<br>Surface covered (m&sup2;): 200<br>Price (USD): 249000
109411,-34.634506,-58.397204,3.0,2.0,190.0,130.0,290000.0,blue,Bedrooms: 3<br>Bathrooms: 2<br>Surface total (m&sup2;): 190<br>Surface covered (m&sup2;): 130<br>Price (USD): 290000
109652,-34.609528000000005,-58.437127,3.0,2.0,160.0,135.0,370000.0,blue,Bedrooms: 3<br>Bathrooms: 2<br>Surface total (m&sup2;): 160<br>Surface covered (m&sup2;): 135<br>Price (USD): 370000
111204,-34.5768852,-58.40190450000001,3.0,2.0,200.0,192.0,1200000.0,green,Bedrooms: 3<br>Bathrooms: 2<br>Surface total (m&sup2;): 200<br>Surface covered (m&sup2;): 192<br>Price (USD): 1200000
111254,-34.6207868,-58.4775661,3.0,2.0,167.0,120.0,180000.0,red,Bedrooms: 3<br>Bathrooms: 2<br>Surface total (m&sup2;): 167<br>Surface covered (m&sup2;): 120<br>Price (USD): 180000
111277,-34.55855220000001,-58.489003,3.0,2.0,106.0,76.0,268000.0,blue,Bedrooms: 3<br>Bathrooms: 2<br>Surface total (m&sup2;): 106<br>Surface covered (m&sup2;): 76<br>Price (USD): 268000
111360,-34.641690399999995,-58.4929891,3.0,2.0,365.0,315.0,420000.0,blue,Bedrooms: 3<br>Bathrooms: 2<br>Surface total (m&sup2;): 365<br>Surface covered (m&sup2;): 315<br>Price (USD): 420000
111473,-34.6141282,-58.4829834,3.0,2.0,167.0,120.0,180000.0,red,Bedrooms: 3<br>Bathrooms: 2<br>Surface total (m&sup2;): 167<br>Surface covered (m&sup2;): 120<br>Price (USD): 180000
111474,-34.60447979999999,-58.4926129,3.0,2.0,167.0,120.0,180000.0,red,Bedrooms: 3<br>Bathrooms: 2<br>Surface total (m&sup2;): 167<br>Surface covered (m&sup2;): 120<br>Price (USD): 180000
112292,-34.640051,-58.44668000000001,3.0,2.0,300.0,250.0,365000.0,blue,Bedrooms: 3<br>Bathrooms: 2<br>Surface total (m&sup2;): 300<br>Surface covered (m&sup2;): 250<br>Price (USD): 365000
116050,-34.628993,-58.414888,2.0,2.0,240.0,140.0,310000.0,blue,Bedrooms: 2<br>Bathrooms: 2<br>Surface total (m&sup2;): 240<br>Surface covered (m&sup2;): 140<br>Price (USD): 310000
116415,-34.6500611588,-58.5283634572,3.0,2.0,134.0,80.0,185000.0,red,Bedrooms: 3<br>Bathrooms: 2<br>Surface total (m&sup2;): 134<br>Surface covered (m&sup2;): 80<br>Price (USD): 185000
117373,-34.6423847,-58.462915,3.0,2.0,275.0,155.0,230000.0,blue,Bedrooms: 3<br>Bathrooms: 2<br>Surface total (m&sup2;): 275<br>Surface covered (m&sup2;): 155<br>Price (USD): 230000
118055,-34.62959,-58.52316800000001,3.0,2.0,275.0,122.0,283000.0,blue,Bedrooms: 3<br>Bathrooms: 2<br>Surface total (m&sup2;): 275<br>Surface covered (m&sup2;): 122<br>Price (USD): 283000
118057,-34.58578,-58.48831,3.0,2.0,260.0,180.0,260000.0,blue,Bedrooms: 3<br>Bathrooms: 2<br>Surface total (m&sup2;): 260<br>Surface covered (m&sup2;): 180<br>Price (USD): 260000
118629,-34.558889,-58.479749,3.0,2.0,170.0,150.0,315000.0,blue,Bedrooms: 3<br>Bathrooms: 2<br>Surface total (m&sup2;): 170<br>Surface covered (m&sup2;): 150<br>Price (USD): 315000
122920,-34.607445,-58.519964,3.0,2.0,249.0,180.0,340000.0,blue,Bedrooms: 3<br>Bathrooms: 2<br>Surface total (m&sup2;): 249<br>Surface covered (m&sup2;): 180<br>Price (USD): 340000
122927,-34.5612,-58.48559300000001,3.0,2.0,305.0,174.0,399000.0,blue,Bedrooms: 3<br>Bathrooms: 2<br>Surface total (m&sup2;): 305<br>Surface covered (m&sup2;): 174<br>Price (USD): 399000
122941,-34.633402000000004,-58.429236,3.0,2.0,245.0,150.0,430000.0,blue,Bedrooms: 3<br>Bathrooms: 2<br>Surface total (m&sup2;): 245<br>Surface covered (m&sup2;): 150<br>Price (USD): 430000
128265,-34.591544,-58.396124,3.0,2.0,160.0,160.0,550000.0,blue,Bedrooms: 3<br>Bathrooms: 2<br>Surface total (m&sup2;): 160<br>Surface covered (m&sup2;): 160<br>Price (USD): 550000
128267,-34.546333000000004,-58.48226999999999,3.0,2.0,164.0,150.0,350000.0,blue,Bedrooms: 3<br>Bathrooms: 2<br>Surface total (m&sup2;): 164<br>Surface covered (m&sup2;): 150<br>Price (USD): 350000
128268,-34.654579,-58.507285,3.0,2.0,267.0,178.0,418000.0,blue,Bedrooms: 3<br>Bathrooms: 2<br>Surface total (m&sup2;): 267<br>Surface covered (m&sup2;): 178<br>Price (USD): 418000
129802,-34.651790000000005,-58.419036,3.0,2.0,178.0,160.0,125000.0,red,Bedrooms: 3<br>Bathrooms: 2<br>Surface total (m&sup2;): 178<br>Surface covered (m&sup2;): 160<br>Price (USD): 125000
130086,-34.621723,-58.530468000000006,3.0,2.0,372.0,150.0,260000.0,blue,Bedrooms: 3<br>Bathrooms: 2<br>Surface total (m&sup2;): 372<br>Surface covered (m&sup2;): 150<br>Price (USD): 260000
131587,-34.617771000000005,-58.374473,3.0,2.0,186.0,105.0,340000.0,blue,Bedrooms: 3<br>Bathrooms: 2<br>Surface total (m&sup2;): 186<br>Surface covered (m&sup2;): 105<br>Price (USD): 340000
131620,-34.623374,-58.493522,3.0,2.0,171.0,132.0,265000.0,blue,Bedrooms: 3<br>Bathrooms: 2<br>Surface total (m&sup2;): 171<br>Surface covered (m&sup2;): 132<br>Price (USD): 265000
131626,-34.60743,-58.51816899999999,3.0,2.0,268.0,175.0,320000.0,blue,Bedrooms: 3<br>Bathrooms: 2<br>Surface total (m&sup2;): 268<br>Surface covered (m&sup2;): 175<br>Price (USD): 320000
131629,-34.6769883,-58.4691603,3.0,2.0,262.0,262.0,195000.0,red,Bedrooms: 3<br>Bathrooms: 2<br>Surface total (m&sup2;): 262<br>Surface covered (m&sup2;): 262<br>Price (USD): 195000
135007,-34.6203286791,-58.4710027417,3.0,2.0,102.0,102.0,180000.0,red,Bedrooms: 3<br>Bathrooms: 2<br>Surface total (m&sup2;): 102<br>Surface covered (m&sup2;): 102<br>Price (USD): 180000
135022,-34.67479,-58.473647,3.0,2.0,153.0,90.0,180000.0,red,Bedrooms: 3<br>Bathrooms: 2<br>Surface total (m&sup2;): 153<br>Surface covered (m&sup2;): 90<br>Price (USD): 180000
145332,-34.67897,-58.485073,3.0,2.0,160.0,140.0,140000.0,red,Bedrooms: 3<br>Bathrooms: 2<br>Surface total (m&sup2;): 160<br>Surface covered (m&sup2;): 140<br>Price (USD): 140000
145557,-34.6479122,-58.5044455,3.0,2.0,205.0,125.0,175000.0,red,Bedrooms: 3<br>Bathrooms: 2<br>Surface total (m&sup2;): 205<br>Surface covered (m&sup2;): 125<br>Price (USD): 175000
